{"NO": 22.80370135163889, "PM2.5": 17.180164275467398, "NO2": 13.610132055729629, "SO2": 20.93250369173009}