{"NO": 23.21859666286037, "PM2.5": 18.101683800052854, "NO2": 23.698643011525277, "SO2": 19.74896014091994}